{
    "svm":{
        "model__kernel": ["rbf"],
        "model__gamma": [0.01, 0.1, "auto", "scale"],
        "model__C": [1, 10, 50, 100, 150, 300]
    },
    "rf":{
        "model__max_features": ["auto", "sqrt", 10],
        "model__max_depth": [5, 10, 15],
        "model__min_samples_split": [2, 5, 10],
        "model__min_samples_leaf": [1, 5, 10],
        "model__n_estimators": [100, 300, 1000],
        "model__criterion": ["gini"]
    },
    "bayes":{"model__var_smoothing": [
        1.0,
        0.5994842503189409,
        0.35938136638046275,
        0.21544346900318834,
        0.1291549665014884,
        0.07742636826811278,
        0.046415888336127774,
        0.027825594022071243,
        0.016681005372000592,
        0.01,
        0.005994842503189408,
        0.003593813663804626,
        0.0021544346900318843,
        0.001291549665014884,
        0.000774263682681127,
        0.00046415888336127773,
        0.0002782559402207124,
        0.0001668100537200059,
        0.0001,
        5.994842503189409e-05,
        3.593813663804626e-05,
        2.1544346900318867e-05,
        1.291549665014884e-05,
        7.742636826811277e-06,
        4.641588833612777e-06,
        2.782559402207126e-06,
        1.6681005372000592e-06,
        1e-06,
        5.994842503189408e-07,
        3.5938136638046256e-07,
        2.1544346900318843e-07,
        1.2915496650148826e-07,
        7.742636826811269e-08,
        4.641588833612772e-08,
        2.782559402207126e-08,
        1.668100537200059e-08,
        1e-08,
        5.994842503189409e-09,
        3.593813663804626e-09,
        2.154434690031882e-09,
        1.2915496650148826e-09,
        7.742636826811278e-10,
        4.641588833612782e-10,
        2.782559402207126e-10,
        1.668100537200059e-10,
        1e-10,
        5.994842503189408e-11,
        3.5938136638046255e-11,
        2.1544346900318822e-11,
        1.2915496650148827e-11,
        7.742636826811276e-12,
        4.641588833612772e-12,
        2.7825594022071257e-12,
        1.6681005372000588e-12,
        1e-12
    ]},
    "knn":{
        "model__n_neighbors": [1, 2, 3, 4, 5, 6, 7, 8, 9, 10, 11, 12, 13, 14, 15, 16, 17, 18, 19],
        "model__weights": ["uniform", "distance"],
        "model__metric": ["euclidean", "manhattan"]
    }
    
}